0.000000,0.000000
0.001451,0.000000
0.002902,0.000000
0.004354,0.000000
0.005805,0.000000
0.007256,0.000000
0.008707,0.000000
0.010159,0.000000
0.011610,0.000000
0.013061,0.000000
0.014512,0.000000
0.015964,0.000000
0.017415,0.000000
0.018866,0.000000
0.020317,0.000000
0.021769,0.000000
0.023220,0.000000
0.024671,0.000000
0.026122,0.000000
0.027574,0.000000
0.029025,0.000000
0.030476,0.000000
0.031927,0.000000
0.033379,0.000000
0.034830,0.000000
0.036281,0.000000
0.037732,0.000000
0.039184,0.000000
0.040635,0.000000
0.042086,0.000000
0.043537,0.000000
0.044989,0.000000
0.046440,0.000000
0.047891,0.000000
0.049342,0.000000
0.050794,0.000000
0.052245,0.000000
0.053696,0.000000
0.055147,0.000000
0.056599,0.000000
0.058050,0.000000
0.059501,0.000000
0.060952,0.000000
0.062404,0.000000
0.063855,0.000000
0.065306,0.000000
0.066757,0.000000
0.068209,0.000000
0.069660,0.000000
0.071111,0.000000
0.072562,0.000000
0.074014,0.000000
0.075465,0.000000
0.076916,0.000000
0.078367,0.000000
0.079819,0.000000
0.081270,0.000000
0.082721,0.000000
0.084172,0.000000
0.085624,0.000000
0.087075,0.000000
0.088526,0.000000
0.089977,0.000000
0.091429,0.000000
0.092880,0.000000
0.094331,0.000000
0.095782,0.000000
0.097234,0.000000
0.098685,0.000000
0.100136,0.000000
0.101587,0.000000
0.103039,0.000000
0.104490,0.000000
0.105941,0.000000
0.107392,0.000000
0.108844,0.000000
0.110295,0.000000
0.111746,0.000000
0.113197,0.000000
0.114649,0.000000
0.116100,0.000000
0.117551,0.000000
0.119002,0.000000
0.120454,0.000000
0.121905,0.000000
0.123356,0.000000
0.124807,0.000000
0.126259,0.000000
0.127710,0.000000
0.129161,0.000000
0.130612,0.000000
0.132063,0.000000
0.133515,0.000000
0.134966,0.000000
0.136417,0.000000
0.137868,0.000000
0.139320,0.000000
0.140771,0.000000
0.142222,0.000000
0.143673,0.000000
0.145125,0.000000
0.146576,0.000000
0.148027,0.000000
0.149478,0.000000
0.150930,0.000000
0.152381,0.000000
0.153832,0.000000
0.155283,0.000000
0.156735,0.000000
0.158186,0.000000
0.159637,0.000000
0.161088,0.000000
0.162540,0.000000
0.163991,0.000000
0.165442,0.000000
0.166893,0.000000
0.168345,0.000000
0.169796,0.000000
0.171247,0.000000
0.172698,0.000000
0.174150,0.000000
0.175601,0.000000
0.177052,0.000000
0.178503,0.000000
0.179955,0.000000
0.181406,0.000000
0.182857,0.000000
0.184308,0.000000
0.185760,0.000000
0.187211,0.000000
0.188662,0.000000
0.190113,0.000000
0.191565,0.000000
0.193016,0.000000
0.194467,0.000000
0.195918,0.000000
0.197370,0.000000
0.198821,0.000000
0.200272,0.000000
0.201723,0.000000
0.203175,0.000000
0.204626,0.000000
0.206077,0.000000
0.207528,0.000000
0.208980,0.000000
0.210431,0.000000
0.211882,0.000000
0.213333,0.000000
0.214785,0.000000
0.216236,0.000000
0.217687,0.000000
0.219138,0.000000
0.220590,0.000000
0.222041,0.000000
0.223492,0.000000
0.224943,0.000000
0.226395,0.000000
0.227846,0.000000
0.229297,0.000000
0.230748,0.000000
0.232200,0.000000
0.233651,0.000000
0.235102,0.000000
0.236553,0.000000
0.238005,0.000000
0.239456,0.000000
0.240907,0.000000
0.242358,0.000000
0.243810,0.000000
0.245261,0.000000
0.246712,0.000000
0.248163,0.000000
0.249615,0.000000
0.251066,0.000000
0.252517,0.000000
0.253968,0.000000
0.255420,0.000000
0.256871,0.000000
0.258322,0.000000
0.259773,0.000000
0.261224,0.000000
0.262676,0.000000
0.264127,0.000000
0.265578,0.000000
0.267029,0.000000
0.268481,0.000000
0.269932,0.000000
0.271383,0.000000
0.272834,0.000000
0.274286,0.000000
0.275737,0.000000
0.277188,0.000000
0.278639,0.000000
0.280091,0.000000
0.281542,0.000000
0.282993,0.000000
0.284444,0.000000
0.285896,0.000000
0.287347,0.000000
0.288798,0.000000
0.290249,0.000000
0.291701,0.000000
0.293152,0.000000
0.294603,0.000000
0.296054,0.000000
0.297506,0.000000
0.298957,0.000000
0.300408,0.002902
0.301859,0.005805
0.303311,0.008707
0.304762,0.011610
0.306213,0.014512
0.307664,0.017415
0.309116,0.020317
0.310567,0.023220
0.312018,0.026122
0.313469,0.029025
0.314921,0.031927
0.316372,0.034830
0.317823,0.037732
0.319274,0.040635
0.320726,0.043537
0.322177,0.046440
0.323628,0.049342
0.325079,0.052245
0.326531,0.055147
0.327982,0.058050
0.329433,0.060952
0.330884,0.063855
0.332336,0.066757
0.333787,0.069660
0.335238,0.072562
0.336689,0.075465
0.338141,0.078367
0.339592,0.081270
0.341043,0.084172
0.342494,0.087075
0.343946,0.089977
0.345397,0.092880
0.346848,0.095782
0.348299,0.098685
0.349751,0.101587
0.351202,0.104490
0.352653,0.107392
0.354104,0.110295
0.355556,0.113197
0.357007,0.116100
0.358458,0.119002
0.359909,0.121905
0.361361,0.124807
0.362812,0.127710
0.364263,0.130612
0.365714,0.133515
0.367166,0.136417
0.368617,0.139320
0.370068,0.142222
0.371519,0.145125
0.372971,0.148027
0.374422,0.150930
0.375873,0.153832
0.377324,0.156735
0.378776,0.159637
0.380227,0.162540
0.381678,0.165442
0.383129,0.168345
0.384580,0.171247
0.386032,0.174150
0.387483,0.177052
0.388934,0.179955
0.390385,0.182857
0.391837,0.185760
0.393288,0.188662
0.394739,0.191565
0.396190,0.194467
0.397642,0.197370
0.399093,0.200272
0.400544,0.203175
0.401995,0.206077
0.403447,0.208980
0.404898,0.211882
0.406349,0.214785
0.407800,0.217687
0.409252,0.220589
0.410703,0.223492
0.412154,0.226394
0.413605,0.229297
0.415057,0.232199
0.416508,0.235102
0.417959,0.238004
0.419410,0.240907
0.420862,0.243809
0.422313,0.246712
0.423764,0.249614
0.425215,0.252517
0.426667,0.255419
0.428118,0.258322
0.429569,0.261224
0.431020,0.264127
0.432472,0.267029
0.433923,0.269932
0.435374,0.272834
0.436825,0.275737
0.438277,0.278639
0.439728,0.281542
0.441179,0.284445
0.442630,0.287347
0.444082,0.290250
0.445533,0.293152
0.446984,0.296055
0.448435,0.298957
0.449887,0.301860
0.451338,0.304762
0.452789,0.307665
0.454240,0.310567
0.455692,0.313470
0.457143,0.316372
0.458594,0.319275
0.460045,0.322177
0.461497,0.325080
0.462948,0.327982
0.464399,0.330885
0.465850,0.333787
0.467302,0.336690
0.468753,0.339592
0.470204,0.342495
0.471655,0.345397
0.473107,0.348300
0.474558,0.351202
0.476009,0.354105
0.477460,0.357007
0.478912,0.359910
0.480363,0.362812
0.481814,0.365715
0.483265,0.368617
0.484717,0.371520
0.486168,0.374422
0.487619,0.377325
0.489070,0.380227
0.490522,0.383130
0.491973,0.386032
0.493424,0.388935
0.494875,0.391837
0.496327,0.394740
0.497778,0.397642
0.499229,0.400545
0.500680,0.403447
0.502132,0.406350
0.503583,0.409252
0.505034,0.412155
0.506485,0.415057
0.507937,0.417960
0.509388,0.420862
0.510839,0.423765
0.512290,0.426667
0.513741,0.429570
0.515193,0.432472
0.516644,0.435375
0.518095,0.438277
0.519546,0.441180
0.520998,0.444082
0.522449,0.446985
0.523900,0.449887
0.525351,0.452790
0.526803,0.455692
0.528254,0.458595
0.529705,0.461497
0.531156,0.464400
0.532608,0.467303
0.534059,0.470205
0.535510,0.473108
0.536961,0.476010
0.538413,0.478913
0.539864,0.481815
0.541315,0.484718
0.542766,0.487620
0.544218,0.490523
0.545669,0.493425
0.547120,0.496328
0.548571,0.499230
0.550023,0.502133
0.551474,0.505035
0.552925,0.507938
0.554376,0.510840
0.555828,0.513743
0.557279,0.516645
0.558730,0.519548
0.560181,0.522450
0.561633,0.525353
0.563084,0.528255
0.564535,0.531158
0.565986,0.534060
0.567438,0.536963
0.568889,0.539865
0.570340,0.542768
0.571791,0.545670
0.573243,0.548573
0.574694,0.551475
0.576145,0.554378
0.577596,0.557280
0.579048,0.560183
0.580499,0.563085
0.581950,0.565988
0.583401,0.568890
0.584853,0.571793
0.586304,0.574695
0.587755,0.577598
0.589206,0.580500
0.590658,0.583403
0.592109,0.586305
0.593560,0.589208
0.595011,0.592110
0.596463,0.595013
0.597914,0.597915
0.599365,0.600818
0.600816,0.603720
0.602268,0.606623
0.603719,0.609525
0.605170,0.612428
0.606621,0.615330
0.608073,0.618233
0.609524,0.621135
0.610975,0.624038
0.612426,0.626940
0.613878,0.629843
0.615329,0.632745
0.616780,0.635648
0.618231,0.638550
0.619683,0.641453
0.621134,0.644355
0.622585,0.647258
0.624036,0.650160
0.625488,0.653063
0.626939,0.655966
0.628390,0.658868
0.629841,0.661771
0.631293,0.664673
0.632744,0.667576
0.634195,0.670478
0.635646,0.673381
0.637098,0.676283
0.638549,0.679186
0.640000,0.682088
0.641451,0.684991
0.642902,0.687893
0.644354,0.690796
0.645805,0.693698
0.647256,0.696601
0.648707,0.699503
0.650159,0.702406
0.651610,0.705308
0.653061,0.708211
0.654512,0.711113
0.655964,0.714016
0.657415,0.716918
0.658866,0.719821
0.660317,0.722723
0.661769,0.725626
0.663220,0.728528
0.664671,0.731431
0.666122,0.734333
0.667574,0.737236
0.669025,0.740138
0.670476,0.743041
0.671927,0.745943
0.673379,0.748846
0.674830,0.751748
0.676281,0.754651
0.677732,0.757553
0.679184,0.760456
0.680635,0.763358
0.682086,0.766261
0.683537,0.769163
0.684989,0.772066
0.686440,0.774968
0.687891,0.777871
0.689342,0.780773
0.690794,0.783676
0.692245,0.786578
0.693696,0.789481
0.695147,0.792383
0.696599,0.795286
0.698050,0.798188
0.699501,0.801091
0.700952,0.803993
0.702404,0.806896
0.703855,0.809798
0.705306,0.812701
0.706757,0.815603
0.708209,0.818506
0.709660,0.821408
0.711111,0.824311
0.712562,0.827213
0.714014,0.830116
0.715465,0.833018
0.716916,0.835921
0.718367,0.838823
0.719819,0.841726
0.721270,0.844629
0.722721,0.847531
0.724172,0.850434
0.725624,0.853336
0.727075,0.856239
0.728526,0.859141
0.729977,0.862044
0.731429,0.864946
0.732880,0.867849
0.734331,0.870751
0.735782,0.873654
0.737234,0.876556
0.738685,0.879459
0.740136,0.882361
0.741587,0.885264
0.743039,0.888166
0.744490,0.891069
0.745941,0.893971
0.747392,0.896874
0.748844,0.899776
0.750295,0.902679
0.751746,0.905581
0.753197,0.908484
0.754649,0.911386
0.756100,0.914289
0.757551,0.917191
0.759002,0.920094
0.760454,0.922996
0.761905,0.925899
0.763356,0.928801
0.764807,0.931704
0.766259,0.934606
0.767710,0.937509
0.769161,0.940411
0.770612,0.943314
0.772063,0.946216
0.773515,0.949119
0.774966,0.952021
0.776417,0.954924
0.777868,0.957826
0.779320,0.960729
0.780771,0.963631
0.782222,0.966534
0.783673,0.969436
0.785125,0.972339
0.786576,0.975241
0.788027,0.978144
0.789478,0.981046
0.790930,0.983949
0.792381,0.986851
0.793832,0.989754
0.795283,0.992656
0.796735,0.995559
0.798186,0.998461
0.799637,1.000000
0.801088,1.000000
0.802540,1.000000
0.803991,1.000000
0.805442,1.000000
0.806893,1.000000
0.808345,1.000000
0.809796,1.000000
0.811247,1.000000
0.812698,1.000000
0.814150,1.000000
0.815601,1.000000
0.817052,1.000000
0.818503,1.000000
0.819955,1.000000
0.821406,1.000000
0.822857,1.000000
0.824308,1.000000
0.825760,1.000000
0.827211,1.000000
0.828662,1.000000
0.830113,1.000000
0.831565,1.000000
0.833016,1.000000
0.834467,1.000000
0.835918,1.000000
0.837370,1.000000
0.838821,1.000000
0.840272,1.000000
0.841723,1.000000
0.843175,1.000000
0.844626,1.000000
0.846077,1.000000
0.847528,1.000000
0.848980,1.000000
0.850431,1.000000
0.851882,1.000000
0.853333,1.000000
0.854785,1.000000
0.856236,1.000000
0.857687,1.000000
0.859138,1.000000
0.860590,1.000000
0.862041,1.000000
0.863492,1.000000
0.864943,1.000000
0.866395,1.000000
0.867846,1.000000
0.869297,1.000000
0.870748,0.998884
0.872200,0.997767
0.873651,0.996651
0.875102,0.995535
0.876553,0.994418
0.878005,0.993302
0.879456,0.992186
0.880907,0.991069
0.882358,0.989953
0.883810,0.988837
0.885261,0.987720
0.886712,0.986604
0.888163,0.985488
0.889615,0.984371
0.891066,0.983255
0.892517,0.982139
0.893968,0.981022
0.895420,0.979906
0.896871,0.978790
0.898322,0.977673
0.899773,0.976557
0.901224,0.975441
0.902676,0.974324
0.904127,0.973208
0.905578,0.972092
0.907029,0.970975
0.908481,0.969859
0.909932,0.968743
0.911383,0.967626
0.912834,0.966510
0.914286,0.965394
0.915737,0.964277
0.917188,0.963161
0.918639,0.962045
0.920091,0.960928
0.921542,0.959812
0.922993,0.958696
0.924444,0.957579
0.925896,0.956463
0.927347,0.955347
0.928798,0.954230
0.930249,0.953114
0.931701,0.951998
0.933152,0.950881
0.934603,0.949765
0.936054,0.948649
0.937506,0.947532
0.938957,0.946416
0.940408,0.945300
0.941859,0.944183
0.943311,0.943067
0.944762,0.941951
0.946213,0.940834
0.947664,0.939718
0.949116,0.938602
0.950567,0.937485
0.952018,0.936369
0.953469,0.935253
0.954921,0.934136
0.956372,0.933020
0.957823,0.931904
0.959274,0.930787
0.960726,0.929671
0.962177,0.928555
0.963628,0.927438
0.965079,0.926322
0.966531,0.925206
0.967982,0.924089
0.969433,0.922973
0.970884,0.921857
0.972336,0.920740
0.973787,0.919624
0.975238,0.918508
0.976689,0.917391
0.978141,0.916275
0.979592,0.915159
0.981043,0.914042
0.982494,0.912926
0.983946,0.911810
0.985397,0.910693
0.986848,0.909577
0.988299,0.908460
0.989751,0.907344
0.991202,0.906228
0.992653,0.905111
0.994104,0.903995
0.995556,0.902879
0.997007,0.901762
0.998458,0.900646
0.999909,0.899530
1.001361,0.898413
1.002812,0.897297
1.004263,0.896181
1.005714,0.895064
1.007166,0.893948
1.008617,0.892832
1.010068,0.891715
1.011519,0.890599
1.012971,0.889483
1.014422,0.888366
1.015873,0.887250
1.017324,0.886134
1.018776,0.885017
1.020227,0.883901
1.021678,0.882785
1.023129,0.881668
1.024580,0.880552
1.026032,0.879436
1.027483,0.878319
1.028934,0.877203
1.030385,0.876087
1.031837,0.874970
1.033288,0.873854
1.034739,0.872738
1.036190,0.871621
1.037642,0.870505
1.039093,0.869389
1.040544,0.868272
1.041995,0.867156
1.043447,0.866040
1.044898,0.864923
1.046349,0.863807
1.047800,0.862691
1.049252,0.861574
1.050703,0.860458
1.052154,0.859342
1.053605,0.858225
1.055057,0.857109
1.056508,0.855993
1.057959,0.854876
1.059410,0.853760
1.060862,0.852644
1.062313,0.851527
1.063764,0.850411
1.065215,0.849295
1.066667,0.848178
1.068118,0.847062
1.069569,0.845946
1.071020,0.844829
1.072472,0.843713
1.073923,0.842597
1.075374,0.841480
1.076825,0.840364
1.078277,0.839248
1.079728,0.838131
1.081179,0.837015
1.082630,0.835899
1.084082,0.834782
1.085533,0.833666
1.086984,0.832550
1.088435,0.831433
1.089887,0.830317
1.091338,0.829201
1.092789,0.828084
1.094240,0.826968
1.095692,0.825852
1.097143,0.824735
1.098594,0.823619
1.100045,0.822503
1.101497,0.821386
1.102948,0.820270
1.104399,0.819154
1.105850,0.818037
1.107302,0.816921
1.108753,0.815805
1.110204,0.814688
1.111655,0.813572
1.113107,0.812456
1.114558,0.811339
1.116009,0.810223
1.117460,0.809107
1.118912,0.807990
1.120363,0.806874
1.121814,0.805758
1.123265,0.804641
1.124717,0.803525
1.126168,0.802409
1.127619,0.801292
1.129070,0.800176
1.130522,0.799060
1.131973,0.797943
1.133424,0.796827
1.134875,0.795711
1.136327,0.794594
1.137778,0.793478
1.139229,0.792362
1.140680,0.791245
1.142132,0.790129
1.143583,0.789013
1.145034,0.787896
1.146485,0.786780
1.147937,0.785664
1.149388,0.784547
1.150839,0.783431
1.152290,0.782315
1.153741,0.781198
1.155193,0.780082
1.156644,0.778966
1.158095,0.777849
1.159546,0.776733
1.160998,0.775617
1.162449,0.774500
1.163900,0.773384
1.165351,0.772268
1.166803,0.771151
1.168254,0.770035
1.169705,0.768919
1.171156,0.767802
1.172608,0.766686
1.174059,0.765570
1.175510,0.764453
1.176961,0.763337
1.178413,0.762221
1.179864,0.761104
1.181315,0.759988
1.182766,0.758872
1.184218,0.757755
1.185669,0.756639
1.187120,0.755523
1.188571,0.754406
1.190023,0.753290
1.191474,0.752174
1.192925,0.751057
1.194376,0.749941
1.195828,0.748825
1.197279,0.747708
1.198730,0.746592
1.200181,0.745476
1.201633,0.744359
1.203084,0.743243
1.204535,0.742127
1.205986,0.741010
1.207438,0.739894
1.208889,0.738778
1.210340,0.737661
1.211791,0.736545
1.213243,0.735429
1.214694,0.734312
1.216145,0.733196
1.217596,0.732080
1.219048,0.730963
1.220499,0.729847
1.221950,0.728730
1.223401,0.727614
1.224853,0.726498
1.226304,0.725381
1.227755,0.724265
1.229206,0.723149
1.230658,0.722032
1.232109,0.720916
1.233560,0.719800
1.235011,0.718683
1.236463,0.717567
1.237914,0.716451
1.239365,0.715334
1.240816,0.714218
1.242268,0.713102
1.243719,0.711985
1.245170,0.710869
1.246621,0.709753
1.248073,0.708636
1.249524,0.707520
1.250975,0.706404
1.252426,0.705287
1.253878,0.704171
1.255329,0.703055
1.256780,0.701938
1.258231,0.700822
1.259683,0.699706
1.261134,0.698589
1.262585,0.697473
1.264036,0.696357
1.265488,0.695240
1.266939,0.694124
1.268390,0.693008
1.269841,0.691891
1.271293,0.690775
1.272744,0.689659
1.274195,0.688542
1.275646,0.687426
1.277098,0.686310
1.278549,0.685193
1.280000,0.684077
1.281451,0.682961
1.282902,0.681844
1.284354,0.680728
1.285805,0.679612
1.287256,0.678495
1.288707,0.677379
1.290159,0.676263
1.291610,0.675146
1.293061,0.674030
1.294512,0.672914
1.295964,0.671797
1.297415,0.670681
1.298866,0.669565
1.300317,0.668448
1.301769,0.667332
1.303220,0.666216
1.304671,0.665099
1.306122,0.663983
1.307574,0.662867
1.309025,0.661750
1.310476,0.660634
1.311927,0.659518
1.313379,0.658401
1.314830,0.657285
1.316281,0.656169
1.317732,0.655052
1.319184,0.653936
1.320635,0.652820
1.322086,0.651703
1.323537,0.650587
1.324989,0.649471
1.326440,0.648354
1.327891,0.647238
1.329342,0.646122
1.330794,0.645005
1.332245,0.643889
1.333696,0.642773
1.335147,0.641656
1.336599,0.640540
1.338050,0.639424
1.339501,0.638307
1.340952,0.637191
1.342404,0.636075
1.343855,0.634958
1.345306,0.633842
1.346757,0.632726
1.348209,0.631609
1.349660,0.630493
1.351111,0.629377
1.352562,0.628260
1.354014,0.627144
1.355465,0.626028
1.356916,0.624911
1.358367,0.623795
1.359819,0.622679
1.361270,0.621562
1.362721,0.620446
1.364172,0.619330
1.365624,0.618213
1.367075,0.617097
1.368526,0.615981
1.369977,0.614864
1.371429,0.613748
1.372880,0.612632
1.374331,0.611515
1.375782,0.610399
1.377234,0.609283
1.378685,0.608166
1.380136,0.607050
1.381587,0.605934
1.383039,0.604817
1.384490,0.603701
1.385941,0.602585
1.387392,0.601468
1.388844,0.600352
1.390295,0.599236
1.391746,0.598119
1.393197,0.597003
1.394649,0.595887
1.396100,0.594770
1.397551,0.593654
1.399002,0.592538
1.400454,0.591421
1.401905,0.590305
1.403356,0.589189
1.404807,0.588072
1.406259,0.586956
1.407710,0.585840
1.409161,0.584723
1.410612,0.583607
1.412063,0.582491
1.413515,0.581374
1.414966,0.580258
1.416417,0.579142
1.417868,0.578025
1.419320,0.576909
1.420771,0.575793
1.422222,0.574676
1.423673,0.573560
1.425125,0.572444
1.426576,0.571327
1.428027,0.570211
1.429478,0.569095
1.430930,0.567978
1.432381,0.566862
1.433832,0.565746
1.435283,0.564629
1.436735,0.563513
1.438186,0.562397
1.439637,0.561280
1.441088,0.560164
1.442540,0.559048
1.443991,0.557931
1.445442,0.556815
1.446893,0.555699
1.448345,0.554582
1.449796,0.553466
1.451247,0.552350
1.452698,0.551233
1.454150,0.550117
1.455601,0.549001
1.457052,0.547884
1.458503,0.546768
1.459955,0.545651
1.461406,0.544535
1.462857,0.543419
1.464308,0.542302
1.465760,0.541186
1.467211,0.540070
1.468662,0.538953
1.470113,0.537837
1.471565,0.536721
1.473016,0.535604
1.474467,0.534488
1.475918,0.533372
1.477370,0.532255
1.478821,0.531139
1.480272,0.530023
1.481723,0.528906
1.483175,0.527790
1.484626,0.526674
1.486077,0.525557
1.487528,0.524441
1.488980,0.523325
1.490431,0.522208
1.491882,0.521092
1.493333,0.519976
1.494785,0.518859
1.496236,0.517743
1.497687,0.516627
1.499138,0.515510
1.500590,0.514394
1.502041,0.513278
1.503492,0.512161
1.504943,0.511045
1.506395,0.509929
1.507846,0.508812
1.509297,0.507696
1.510748,0.506580
1.512200,0.505463
1.513651,0.504347
1.515102,0.503231
1.516553,0.502114
1.518005,0.500998
1.519456,0.499882
1.520907,0.498765
1.522358,0.497649
1.523810,0.496533
1.525261,0.495416
1.526712,0.494300
1.528163,0.493184
1.529615,0.492067
1.531066,0.490951
1.532517,0.489834
1.533968,0.488718
1.535420,0.487602
1.536871,0.486485
1.538322,0.485369
1.539773,0.484253
1.541224,0.483136
1.542676,0.482020
1.544127,0.480904
1.545578,0.479787
1.547029,0.478671
1.548481,0.477554
1.549932,0.476438
1.551383,0.475322
1.552834,0.474205
1.554286,0.473089
1.555737,0.471973
1.557188,0.470856
1.558639,0.469740
1.560091,0.468623
1.561542,0.467507
1.562993,0.466391
1.564444,0.465274
1.565896,0.464158
1.567347,0.463042
1.568798,0.461925
1.570249,0.460809
1.571701,0.459693
1.573152,0.458576
1.574603,0.457460
1.576054,0.456343
1.577506,0.455227
1.578957,0.454111
1.580408,0.452994
1.581859,0.451878
1.583311,0.450762
1.584762,0.449645
1.586213,0.448529
1.587664,0.447413
1.589116,0.446296
1.590567,0.445180
1.592018,0.444063
1.593469,0.442947
1.594921,0.441831
1.596372,0.440714
1.597823,0.439598
1.599274,0.438482
1.600726,0.437365
1.602177,0.436249
1.603628,0.435133
1.605079,0.434016
1.606531,0.432900
1.607982,0.431783
1.609433,0.430667
1.610884,0.429551
1.612336,0.428434
1.613787,0.427318
1.615238,0.426202
1.616689,0.425085
1.618141,0.423969
1.619592,0.422853
1.621043,0.421736
1.622494,0.420620
1.623946,0.419503
1.625397,0.418387
1.626848,0.417271
1.628299,0.416154
1.629751,0.415038
1.631202,0.413922
1.632653,0.412805
1.634104,0.411689
1.635556,0.410572
1.637007,0.409456
1.638458,0.408340
1.639909,0.407223
1.641361,0.406107
1.642812,0.404991
1.644263,0.403874
1.645714,0.402758
1.647166,0.401642
1.648617,0.400525
1.650068,0.399409
1.651519,0.398292
1.652971,0.397176
1.654422,0.396060
1.655873,0.394943
1.657324,0.393827
1.658776,0.392711
1.660227,0.391594
1.661678,0.390478
1.663129,0.389362
1.664580,0.388245
1.666032,0.387129
1.667483,0.386012
1.668934,0.384896
1.670385,0.383780
1.671837,0.382663
1.673288,0.381547
1.674739,0.380431
1.676190,0.379314
1.677642,0.378198
1.679093,0.377082
1.680544,0.375965
1.681995,0.374849
1.683447,0.373732
1.684898,0.372616
1.686349,0.371500
1.687800,0.370383
1.689252,0.369267
1.690703,0.368151
1.692154,0.367034
1.693605,0.365918
1.695057,0.364802
1.696508,0.363685
1.697959,0.362569
1.699410,0.361452
1.700862,0.360336
1.702313,0.359220
1.703764,0.358103
1.705215,0.356987
1.706667,0.355871
1.708118,0.354754
1.709569,0.353638
1.711020,0.352522
1.712472,0.351405
1.713923,0.350289
1.715374,0.349172
1.716825,0.348056
1.718277,0.346940
1.719728,0.345823
1.721179,0.344707
1.722630,0.343591
1.724082,0.342474
1.725533,0.341358
1.726984,0.340241
1.728435,0.339125
1.729887,0.338009
1.731338,0.336892
1.732789,0.335776
1.734240,0.334660
1.735692,0.333543
1.737143,0.332427
1.738594,0.331311
1.740045,0.330194
1.741497,0.329078
1.742948,0.327961
1.744399,0.326845
1.745850,0.325729
1.747302,0.324612
1.748753,0.323496
1.750204,0.322380
1.751655,0.321263
1.753107,0.320147
1.754558,0.319031
1.756009,0.317914
1.757460,0.316798
1.758912,0.315681
1.760363,0.314565
1.761814,0.313449
1.763265,0.312332
1.764717,0.311216
1.766168,0.310100
1.767619,0.308983
1.769070,0.307867
1.770522,0.306751
1.771973,0.305634
1.773424,0.304518
1.774875,0.303401
1.776327,0.302285
1.777778,0.301169
1.779229,0.300052
1.780680,0.298936
1.782132,0.297820
1.783583,0.296703
1.785034,0.295587
1.786485,0.294471
1.787937,0.293354
1.789388,0.292238
1.790839,0.291121
1.792290,0.290005
1.793741,0.288889
1.795193,0.287772
1.796644,0.286656
1.798095,0.285540
1.799546,0.284423
1.800998,0.283307
1.802449,0.282191
1.803900,0.281074
1.805351,0.279958
1.806803,0.278841
1.808254,0.277725
1.809705,0.276609
1.811156,0.275492
1.812608,0.274376
1.814059,0.273260
1.815510,0.272143
1.816961,0.271027
1.818413,0.269910
1.819864,0.268794
1.821315,0.267678
1.822766,0.266561
1.824218,0.265445
1.825669,0.264329
1.827120,0.263212
1.828571,0.262096
1.830023,0.260980
1.831474,0.259863
1.832925,0.258747
1.834376,0.257630
1.835828,0.256514
1.837279,0.255398
1.838730,0.254281
1.840181,0.253165
1.841633,0.252049
1.843084,0.250932
1.844535,0.249816
1.845986,0.248700
1.847438,0.247583
1.848889,0.246467
1.850340,0.245350
1.851791,0.244234
1.853243,0.243118
1.854694,0.242001
1.856145,0.240885
1.857596,0.239769
1.859048,0.238652
1.860499,0.237536
1.861950,0.236420
1.863401,0.235303
1.864853,0.234187
1.866304,0.233070
1.867755,0.231954
1.869206,0.230838
1.870658,0.229721
1.872109,0.228605
1.873560,0.227489
1.875011,0.226372
1.876463,0.225256
1.877914,0.224140
1.879365,0.223023
1.880816,0.221907
1.882268,0.220790
1.883719,0.219674
1.885170,0.218558
1.886621,0.217441
1.888073,0.216325
1.889524,0.215209
1.890975,0.214092
1.892426,0.212976
1.893878,0.211859
1.895329,0.210743
1.896780,0.209627
1.898231,0.208510
1.899683,0.207394
1.901134,0.206278
1.902585,0.205161
1.904036,0.204045
1.905488,0.202929
1.906939,0.201812
1.908390,0.200696
1.909841,0.199579
1.911293,0.198463
1.912744,0.197347
1.914195,0.196230
1.915646,0.195114
1.917098,0.193998
1.918549,0.192881
1.920000,0.191765
1.921451,0.190649
1.922902,0.189532
1.924354,0.188416
1.925805,0.187299
1.927256,0.186183
1.928707,0.185067
1.930159,0.183950
1.931610,0.182834
1.933061,0.181718
1.934512,0.180601
1.935964,0.179485
1.937415,0.178369
1.938866,0.177252
1.940317,0.176136
1.941769,0.175019
1.943220,0.173903
1.944671,0.172787
1.946122,0.171670
1.947574,0.170554
1.949025,0.169438
1.950476,0.168321
1.951927,0.167205
1.953379,0.166089
1.954830,0.164972
1.956281,0.163856
1.957732,0.162739
1.959184,0.161623
1.960635,0.160507
1.962086,0.159390
1.963537,0.158274
1.964989,0.157158
1.966440,0.156041
1.967891,0.154925
1.969342,0.153809
1.970794,0.152692
1.972245,0.151576
1.973696,0.150459
1.975147,0.149343
1.976599,0.148227
1.978050,0.147110
1.979501,0.145994
1.980952,0.144878
1.982404,0.143761
1.983855,0.142645
1.985306,0.141528
1.986757,0.140412
1.988209,0.139296
1.989660,0.138179
1.991111,0.137063
1.992562,0.135947
1.994014,0.134830
1.995465,0.133714
1.996916,0.132598
1.998367,0.131481
1.999819,0.130365
2.001270,0.129248
2.002721,0.128132
2.004172,0.127016
2.005624,0.125899
2.007075,0.124783
2.008526,0.123667
2.009977,0.122550
2.011429,0.121434
2.012880,0.120318
2.014331,0.119201
2.015782,0.118085
2.017234,0.116968
2.018685,0.115852
2.020136,0.114736
2.021587,0.113619
2.023039,0.112503
2.024490,0.111387
2.025941,0.110270
2.027392,0.109154
2.028844,0.108038
2.030295,0.106921
2.031746,0.105805
2.033197,0.104688
2.034649,0.103572
2.036100,0.102456
2.037551,0.101339
2.039002,0.100223
2.040454,0.099107
2.041905,0.097990
2.043356,0.096874
2.044807,0.095758
2.046259,0.094641
2.047710,0.093525
2.049161,0.092408
2.050612,0.091292
2.052063,0.090176
2.053515,0.089059
2.054966,0.087943
2.056417,0.086827
2.057868,0.085710
2.059320,0.084594
2.060771,0.083477
2.062222,0.082361
2.063673,0.081245
2.065125,0.080128
2.066576,0.079012
2.068027,0.077896
2.069478,0.076779
2.070930,0.075663
2.072381,0.074547
2.073832,0.073430
2.075283,0.072314
2.076735,0.071197
2.078186,0.070081
2.079637,0.068965
2.081088,0.067848
2.082540,0.066732
2.083991,0.065616
2.085442,0.064499
2.086893,0.063383
2.088345,0.062267
2.089796,0.061150
2.091247,0.060034
2.092698,0.058917
2.094150,0.057801
2.095601,0.056685
2.097052,0.055568
2.098503,0.054452
2.099955,0.053336
2.101406,0.052219
2.102857,0.051103
2.104308,0.049987
2.105760,0.048870
2.107211,0.047754
2.108662,0.046637
2.110113,0.045521
2.111565,0.044405
2.113016,0.043288
2.114467,0.042172
2.115918,0.041056
2.117370,0.039939
2.118821,0.038823
2.120272,0.037707
2.121723,0.036590
2.123175,0.035474
2.124626,0.034357
2.126077,0.033241
2.127528,0.032125
2.128980,0.031008
2.130431,0.029892
2.131882,0.028776
2.133333,0.027659
2.134785,0.026543
2.136236,0.025427
2.137687,0.024310
2.139138,0.023194
2.140590,0.022077
2.142041,0.020961
2.143492,0.019845
2.144943,0.018728
2.146395,0.017612
2.147846,0.016496
2.149297,0.015379
2.150748,0.014263
2.152200,0.013147
2.153651,0.012030
2.155102,0.010914
2.156553,0.009797
2.158005,0.008681
2.159456,0.007565
2.160907,0.006448
2.162358,0.005332
2.163810,0.004216
2.165261,0.003099
2.166712,0.001983
2.168163,0.000867
2.169615,0.000000
2.171066,0.000000
2.172517,0.000000
2.173968,0.000000
2.175420,0.000000
2.176871,0.000000
2.178322,0.000000
2.179773,0.000000
2.181224,0.000000
2.182676,0.000000
2.184127,0.000000
2.185578,0.000000
2.187029,0.000000
2.188481,0.000000
2.189932,0.000000
2.191383,0.000000
2.192834,0.000000
2.194286,0.000000
2.195737,0.000000
2.197188,0.000000
2.198639,0.000000
2.200091,0.000000
2.201542,0.000000
2.202993,0.000000
2.204444,0.000000
2.205896,0.000000
2.207347,0.000000
2.208798,0.000000
2.210249,0.000000
2.211701,0.000000
2.213152,0.000000
2.214603,0.000000
2.216054,0.000000
2.217506,0.000000
2.218957,0.000000
2.220408,0.000000
2.221859,0.000000
2.223311,0.000000
2.224762,0.000000
2.226213,0.000000
2.227664,0.000000
2.229116,0.000000
2.230567,0.000000
2.232018,0.000000
2.233469,0.000000
2.234921,0.000000
2.236372,0.000000
2.237823,0.000000
2.239274,0.000000
2.240726,0.000000
2.242177,0.000000
2.243628,0.000000
2.245079,0.000000
2.246531,0.000000
2.247982,0.000000
2.249433,0.000000
2.250884,0.000000
2.252336,0.000000
2.253787,0.000000
2.255238,0.000000
2.256689,0.000000
2.258141,0.000000
2.259592,0.000000
2.261043,0.000000
2.262494,0.000000
2.263946,0.000000
2.265397,0.000000
2.266848,0.000000
2.268299,0.000000
2.269751,0.000000
2.271202,0.000000
2.272653,0.000000
2.274104,0.000000
2.275556,0.000000
2.277007,0.000000
2.278458,0.000000
2.279909,0.000000
2.281361,0.000000
2.282812,0.000000
2.284263,0.000000
2.285714,0.000000
2.287166,0.000000
2.288617,0.000000
2.290068,0.000000
2.291519,0.000000
2.292971,0.000000
2.294422,0.000000
2.295873,0.000000
2.297324,0.000000
2.298776,0.000000
2.300227,0.000000
2.301678,0.000000
2.303129,0.000000
2.304580,0.000000
2.306032,0.000000
2.307483,0.000000
2.308934,0.000000
2.310385,0.000000
2.311837,0.000000
2.313288,0.000000
2.314739,0.000000
2.316190,0.000000
2.317642,0.000000
2.319093,0.000000
2.320544,0.000000
2.321995,0.000000
2.323447,0.000000
2.324898,0.000000
2.326349,0.000000
2.327800,0.000000
2.329252,0.000000
2.330703,0.000000
2.332154,0.000000
2.333605,0.000000
2.335057,0.000000
2.336508,0.000000
2.337959,0.000000
2.339410,0.000000
2.340862,0.000000
2.342313,0.000000
2.343764,0.000000
2.345215,0.000000
2.346667,0.000000
2.348118,0.000000
2.349569,0.000000
2.351020,0.000000
2.352472,0.000000
2.353923,0.000000
2.355374,0.000000
2.356825,0.000000
2.358277,0.000000
2.359728,0.000000
2.361179,0.000000
2.362630,0.000000
2.364082,0.000000
2.365533,0.000000
2.366984,0.000000
2.368435,0.000000
2.369887,0.000000
2.371338,0.000000
2.372789,0.000000
2.374240,0.000000
2.375692,0.000000
2.377143,0.000000
2.378594,0.000000
2.380045,0.000000
2.381497,0.000000
2.382948,0.000000
2.384399,0.000000
2.385850,0.000000
2.387302,0.000000
2.388753,0.000000
2.390204,0.000000
2.391655,0.000000
2.393107,0.000000
2.394558,0.000000
2.396009,0.000000
2.397460,0.000000
2.398912,0.000000
2.400363,0.000000
2.401814,0.000000
2.403265,0.000000
2.404717,0.000000
2.406168,0.000000
2.407619,0.000000
2.409070,0.000000
2.410522,0.000000
2.411973,0.000000
2.413424,0.000000
2.414875,0.000000
2.416327,0.000000
2.417778,0.000000
2.419229,0.000000
2.420680,0.000000
2.422132,0.000000
2.423583,0.000000
2.425034,0.000000
2.426485,0.000000
2.427937,0.000000
2.429388,0.000000
2.430839,0.000000
2.432290,0.000000
2.433741,0.000000
2.435193,0.000000
2.436644,0.000000
2.438095,0.000000
2.439546,0.000000
2.440998,0.000000
2.442449,0.000000
2.443900,0.000000
2.445351,0.000000
2.446803,0.000000
2.448254,0.000000
2.449705,0.000000
2.451156,0.000000
2.452608,0.000000
2.454059,0.000000
2.455510,0.000000
2.456961,0.000000
2.458413,0.000000
2.459864,0.000000
2.461315,0.000000
2.462766,0.000000
2.464218,0.000000
2.465669,0.000000
2.467120,0.000000
2.468571,0.000000
2.470023,0.000000
2.471474,0.000000
2.472925,0.000000
2.474376,0.000000
2.475828,0.000000
2.477279,0.000000
2.478730,0.000000
2.480181,0.000000
2.481633,0.000000
2.483084,0.000000
2.484535,0.000000
2.485986,0.000000
2.487438,0.000000
2.488889,0.000000
2.490340,0.000000
2.491791,0.000000
2.493243,0.000000
2.494694,0.000000
2.496145,0.000000
2.497596,0.000000
2.499048,0.000000
2.500499,0.000000
2.501950,0.000000
2.503401,0.000000
2.504853,0.000000
2.506304,0.000000
2.507755,0.000000
2.509206,0.000000
2.510658,0.000000
2.512109,0.000000
2.513560,0.000000
2.515011,0.000000
2.516463,0.000000
2.517914,0.000000
2.519365,0.000000
2.520816,0.000000
2.522268,0.000000
2.523719,0.000000
2.525170,0.000000
2.526621,0.000000
2.528073,0.000000
2.529524,0.000000
2.530975,0.000000
2.532426,0.000000
2.533878,0.000000
2.535329,0.000000
2.536780,0.000000
2.538231,0.000000
2.539683,0.000000
2.541134,0.000000
2.542585,0.000000
2.544036,0.000000
2.545488,0.000000
2.546939,0.000000
2.548390,0.000000
2.549841,0.000000
2.551293,0.000000
2.552744,0.000000
2.554195,0.000000
2.555646,0.000000
2.557098,0.000000
2.558549,0.000000
2.560000,0.000000
2.561451,0.000000
2.562902,0.000000
2.564354,0.000000
2.565805,0.000000
2.567256,0.000000
2.568707,0.000000
2.570159,0.000000
2.571610,0.000000
2.573061,0.000000
2.574512,0.000000
2.575964,0.000000
2.577415,0.000000
2.578866,0.000000
2.580317,0.000000
2.581769,0.000000
2.583220,0.000000
2.584671,0.000000
2.586122,0.000000
2.587574,0.000000
2.589025,0.000000
2.590476,0.000000
2.591927,0.000000
2.593379,0.000000
2.594830,0.000000
2.596281,0.000000
2.597732,0.000000
2.599184,0.000000
2.600635,0.000000
2.602086,0.000000
2.603537,0.000000
2.604989,0.000000
2.606440,0.000000
2.607891,0.000000
2.609342,0.000000
2.610794,0.000000
2.612245,0.000000
2.613696,0.000000
2.615147,0.000000
2.616599,0.000000
2.618050,0.000000
2.619501,0.000000
2.620952,0.000000
2.622404,0.000000
2.623855,0.000000
2.625306,0.000000
2.626757,0.000000
2.628209,0.000000
2.629660,0.000000
2.631111,0.000000
2.632562,0.000000
2.634014,0.000000
2.635465,0.000000
2.636916,0.000000
2.638367,0.000000
2.639819,0.000000
2.641270,0.000000
2.642721,0.000000
2.644172,0.000000
2.645624,0.000000
2.647075,0.000000
2.648526,0.000000
2.649977,0.000000
2.651429,0.000000
2.652880,0.000000
2.654331,0.000000
2.655782,0.000000
2.657234,0.000000
2.658685,0.000000
2.660136,0.000000
2.661587,0.000000
2.663039,0.000000
2.664490,0.000000
2.665941,0.000000
2.667392,0.000000
2.668844,0.000000
2.670295,0.000000
2.671746,0.000000
2.673197,0.000000
2.674649,0.000000
2.676100,0.000000
2.677551,0.000000
2.679002,0.000000
2.680454,0.000000
2.681905,0.000000
2.683356,0.000000
2.684807,0.000000
2.686259,0.000000
2.687710,0.000000
2.689161,0.000000
2.690612,0.000000
2.692063,0.000000
2.693515,0.000000
2.694966,0.000000
2.696417,0.000000
2.697868,0.000000
2.699320,0.000000
2.700771,0.000000
2.702222,0.000000
2.703673,0.000000
2.705125,0.000000
2.706576,0.000000
2.708027,0.000000
2.709478,0.000000
2.710930,0.000000
2.712381,0.000000
2.713832,0.000000
2.715283,0.000000
2.716735,0.000000
2.718186,0.000000
2.719637,0.000000
2.721088,0.000000
2.722540,0.000000
2.723991,0.000000
2.725442,0.000000
2.726893,0.000000
2.728345,0.000000
2.729796,0.000000
2.731247,0.000000
2.732698,0.000000
2.734150,0.000000
2.735601,0.000000
2.737052,0.000000
2.738503,0.000000
2.739955,0.000000
2.741406,0.000000
2.742857,0.000000
2.744308,0.000000
2.745760,0.000000
2.747211,0.000000
2.748662,0.000000
2.750113,0.000000
2.751565,0.000000
2.753016,0.000000
2.754467,0.000000
2.755918,0.000000
2.757370,0.000000
2.758821,0.000000
2.760272,0.000000
2.761723,0.000000
2.763175,0.000000
2.764626,0.000000
2.766077,0.000000
2.767528,0.000000
2.768980,0.000000
2.770431,0.000000
2.771882,0.000000
2.773333,0.000000
2.774785,0.000000
2.776236,0.000000
2.777687,0.000000
2.779138,0.000000
2.780590,0.000000
2.782041,0.000000
2.783492,0.000000
2.784943,0.000000
2.786395,0.000000
2.787846,0.000000
2.789297,0.000000
2.790748,0.000000
2.792200,0.000000
2.793651,0.000000
2.795102,0.000000
2.796553,0.000000
2.798005,0.000000
2.799456,0.000000
2.800907,0.000000
2.802358,0.000000
2.803810,0.000000
2.805261,0.000000
2.806712,0.000000
2.808163,0.000000
2.809615,0.000000
2.811066,0.000000
2.812517,0.000000
2.813968,0.000000
2.815420,0.000000
2.816871,0.000000
2.818322,0.000000
2.819773,0.000000
2.821224,0.000000
2.822676,0.000000
2.824127,0.000000
2.825578,0.000000
2.827029,0.000000
2.828481,0.000000
2.829932,0.000000
2.831383,0.000000
2.832834,0.000000
2.834286,0.000000
2.835737,0.000000
2.837188,0.000000
2.838639,0.000000
2.840091,0.000000
2.841542,0.000000
2.842993,0.000000
2.844444,0.000000
2.845896,0.000000
2.847347,0.000000
2.848798,0.000000
2.850249,0.000000
2.851701,0.000000
2.853152,0.000000
2.854603,0.000000
2.856054,0.000000
2.857506,0.000000
2.858957,0.000000
2.860408,0.000000
2.861859,0.000000
2.863311,0.000000
2.864762,0.000000
2.866213,0.000000
2.867664,0.000000
2.869116,0.000000
2.870567,0.000000
2.872018,0.000000
2.873469,0.000000
2.874921,0.000000
2.876372,0.000000
2.877823,0.000000
2.879274,0.000000
2.880726,0.000000
2.882177,0.000000
2.883628,0.000000
2.885079,0.000000
2.886531,0.000000
2.887982,0.000000
2.889433,0.000000
2.890884,0.000000
2.892336,0.000000
2.893787,0.000000
2.895238,0.000000
2.896689,0.000000
2.898141,0.000000
2.899592,0.000000
2.901043,0.000000
2.902494,0.000000
2.903946,0.000000
2.905397,0.000000
2.906848,0.000000
2.908299,0.000000
2.909751,0.000000
2.911202,0.000000
2.912653,0.000000
2.914104,0.000000
2.915556,0.000000
2.917007,0.000000
2.918458,0.000000
2.919909,0.000000
2.921361,0.000000
2.922812,0.000000
2.924263,0.000000
2.925714,0.000000
2.927166,0.000000
2.928617,0.000000
2.930068,0.000000
2.931519,0.000000
2.932971,0.000000
2.934422,0.000000
2.935873,0.000000
2.937324,0.000000
2.938776,0.000000
2.940227,0.000000
2.941678,0.000000
2.943129,0.000000
2.944580,0.000000
2.946032,0.000000
2.947483,0.000000
2.948934,0.000000
2.950385,0.000000
2.951837,0.000000
2.953288,0.000000
2.954739,0.000000
2.956190,0.000000
2.957642,0.000000
2.959093,0.000000
2.960544,0.000000
2.961995,0.000000
2.963447,0.000000
2.964898,0.000000
2.966349,0.000000
2.967800,0.000000
2.969252,0.000000
2.970703,0.000000
2.972154,0.000000
2.973605,0.000000
2.975057,0.000000
2.976508,0.000000
2.977959,0.000000
2.979410,0.000000
2.980862,0.000000
2.982313,0.000000
2.983764,0.000000
2.985215,0.000000
2.986667,0.000000
2.988118,0.000000
2.989569,0.000000
2.991020,0.000000
2.992472,0.000000
2.993923,0.000000
2.995374,0.000000
2.996825,0.000000
2.998277,0.000000
2.999728,0.000000
3.001179,0.000000
3.002630,0.000000
3.004082,0.000000
3.005533,0.000000
3.006984,0.000000
3.008435,0.000000
3.009887,0.000000
3.011338,0.000000
3.012789,0.000000
3.014240,0.000000
3.015692,0.000000
3.017143,0.000000
3.018594,0.000000
3.020045,0.000000
3.021497,0.000000
3.022948,0.000000
3.024399,0.000000
3.025850,0.000000
3.027302,0.000000
3.028753,0.000000
3.030204,0.000000
3.031655,0.000000
3.033107,0.000000
3.034558,0.000000
3.036009,0.000000
3.037460,0.000000
3.038912,0.000000
3.040363,0.000000
3.041814,0.000000
3.043265,0.000000
3.044717,0.000000
3.046168,0.000000
3.047619,0.000000
3.049070,0.000000
3.050522,0.000000
3.051973,0.000000
3.053424,0.000000
3.054875,0.000000
3.056327,0.000000
3.057778,0.000000
3.059229,0.000000
3.060680,0.000000
3.062132,0.000000
3.063583,0.000000
3.065034,0.000000
3.066485,0.000000
3.067937,0.000000
3.069388,0.000000
3.070839,0.000000
3.072290,0.000000
3.073741,0.000000
3.075193,0.000000
3.076644,0.000000
3.078095,0.000000
3.079546,0.000000
3.080998,0.000000
3.082449,0.000000
3.083900,0.000000
3.085351,0.000000
3.086803,0.000000
3.088254,0.000000
3.089705,0.000000
3.091156,0.000000
3.092608,0.000000
3.094059,0.000000
3.095510,0.000000
3.096961,0.000000
3.098413,0.000000
3.099864,0.000000
3.101315,0.000000
3.102766,0.000000
3.104218,0.000000
3.105669,0.000000
3.107120,0.000000
3.108571,0.000000
3.110023,0.000000
3.111474,0.000000
3.112925,0.000000
3.114376,0.000000
3.115828,0.000000
3.117279,0.000000
3.118730,0.000000
3.120181,0.000000
3.121633,0.000000
3.123084,0.000000
3.124535,0.000000
3.125986,0.000000
3.127438,0.000000
3.128889,0.000000
3.130340,0.000000
3.131791,0.000000
3.133243,0.000000
3.134694,0.000000
3.136145,0.000000
3.137596,0.000000
3.139048,0.000000
3.140499,0.000000
3.141950,0.000000
3.143401,0.000000
3.144853,0.000000
3.146304,0.000000
3.147755,0.000000
3.149206,0.000000
3.150658,0.000000
3.152109,0.000000
3.153560,0.000000
3.155011,0.000000
3.156463,0.000000
3.157914,0.000000
3.159365,0.000000
3.160816,0.000000
3.162268,0.000000
3.163719,0.000000
3.165170,0.000000
3.166621,0.000000
3.168073,0.000000
3.169524,0.000000
3.170975,0.000000
3.172426,0.000000
3.173878,0.000000
3.175329,0.000000
3.176780,0.000000
3.178231,0.000000
3.179683,0.000000
3.181134,0.000000
3.182585,0.000000
3.184036,0.000000
3.185488,0.000000
3.186939,0.000000
3.188390,0.000000
3.189841,0.000000
3.191293,0.000000
3.192744,0.000000
3.194195,0.000000
3.195646,0.000000
3.197098,0.000000
3.198549,0.000000
3.200000,0.000000
3.201451,0.000000
3.202902,0.000000
3.204354,0.000000
3.205805,0.000000
3.207256,0.000000
3.208707,0.000000
3.210159,0.000000
3.211610,0.000000
3.213061,0.000000
3.214512,0.000000
3.215964,0.000000
3.217415,0.000000
3.218866,0.000000
3.220317,0.000000
3.221769,0.000000
3.223220,0.000000
3.224671,0.000000
3.226122,0.000000
3.227574,0.000000
3.229025,0.000000
3.230476,0.000000
3.231927,0.000000
3.233379,0.000000
3.234830,0.000000
3.236281,0.000000
3.237732,0.000000
3.239184,0.000000
3.240635,0.000000
3.242086,0.000000
3.243537,0.000000
3.244989,0.000000
3.246440,0.000000
3.247891,0.000000
3.249342,0.000000
3.250794,0.000000
3.252245,0.000000
3.253696,0.000000
3.255147,0.000000
3.256599,0.000000
3.258050,0.000000
3.259501,0.000000
3.260952,0.000000
3.262404,0.000000
3.263855,0.000000
3.265306,0.000000
3.266757,0.000000
3.268209,0.000000
3.269660,0.000000
3.271111,0.000000
3.272562,0.000000
3.274014,0.000000
3.275465,0.000000
3.276916,0.000000
3.278367,0.000000
3.279819,0.000000
3.281270,0.000000
3.282721,0.000000
3.284172,0.000000
3.285624,0.000000
3.287075,0.000000
3.288526,0.000000
3.289977,0.000000
3.291429,0.000000
3.292880,0.000000
3.294331,0.000000
3.295782,0.000000
3.297234,0.000000
3.298685,0.000000
3.300136,0.000000
3.301587,0.000000
3.303039,0.000000
3.304490,0.000000
3.305941,0.000000
3.307392,0.000000
3.308844,0.000000
3.310295,0.000000
3.311746,0.000000
3.313197,0.000000
3.314649,0.000000
3.316100,0.000000
3.317551,0.000000
3.319002,0.000000
3.320454,0.000000
3.321905,0.000000
3.323356,0.000000
3.324807,0.000000
3.326259,0.000000
3.327710,0.000000
3.329161,0.000000
3.330612,0.000000
3.332063,0.000000
3.333515,0.000000
3.334966,0.000000
3.336417,0.000000
3.337868,0.000000
3.339320,0.000000
3.340771,0.000000
3.342222,0.000000
3.343673,0.000000
3.345125,0.000000
3.346576,0.000000
3.348027,0.000000
3.349478,0.000000
3.350930,0.000000
3.352381,0.000000
3.353832,0.000000
3.355283,0.000000
3.356735,0.000000
3.358186,0.000000
3.359637,0.000000
3.361088,0.000000
3.362540,0.000000
3.363991,0.000000
3.365442,0.000000
3.366893,0.000000
3.368345,0.000000
3.369796,0.000000
3.371247,0.000000
3.372698,0.000000
3.374150,0.000000
3.375601,0.000000
3.377052,0.000000
3.378503,0.000000
3.379955,0.000000
3.381406,0.000000
3.382857,0.000000
3.384308,0.000000
3.385760,0.000000
3.387211,0.000000
3.388662,0.000000
3.390113,0.000000
3.391565,0.000000
3.393016,0.000000
3.394467,0.000000
3.395918,0.000000
3.397370,0.000000
3.398821,0.000000
3.400272,0.000000
3.401723,0.000000
3.403175,0.000000
3.404626,0.000000
3.406077,0.000000
3.407528,0.000000
3.408980,0.000000
3.410431,0.000000
3.411882,0.000000
3.413333,0.000000
3.414785,0.000000
3.416236,0.000000
3.417687,0.000000
3.419138,0.000000
3.420590,0.000000
3.422041,0.000000
3.423492,0.000000
3.424943,0.000000
3.426395,0.000000
3.427846,0.000000
3.429297,0.000000
3.430748,0.000000
3.432200,0.000000
3.433651,0.000000
3.435102,0.000000
3.436553,0.000000
3.438005,0.000000
3.439456,0.000000
3.440907,0.000000
3.442358,0.000000
3.443810,0.000000
3.445261,0.000000
3.446712,0.000000
3.448163,0.000000
3.449615,0.000000
3.451066,0.000000
3.452517,0.000000
3.453968,0.000000
3.455420,0.000000
3.456871,0.000000
3.458322,0.000000
3.459773,0.000000
3.461224,0.000000
3.462676,0.000000
3.464127,0.000000
3.465578,0.000000
3.467029,0.000000
3.468481,0.000000
3.469932,0.000000
3.471383,0.000000
3.472834,0.000000
3.474286,0.000000
3.475737,0.000000
3.477188,0.000000
3.478639,0.000000
3.480091,0.000000
3.481542,0.000000
3.482993,0.000000
3.484444,0.000000
3.485896,0.000000
3.487347,0.000000
3.488798,0.000000
3.490249,0.000000
3.491701,0.000000
3.493152,0.000000
3.494603,0.000000
3.496054,0.000000
3.497506,0.000000
3.498957,0.000000
3.500408,0.000000
3.501859,0.000000
3.503311,0.000000
3.504762,0.000000
3.506213,0.000000
3.507664,0.000000
3.509116,0.000000
3.510567,0.000000
3.512018,0.000000
3.513469,0.000000
3.514921,0.000000
3.516372,0.000000
3.517823,0.000000
3.519274,0.000000
3.520726,0.000000
3.522177,0.000000
3.523628,0.000000
3.525079,0.000000
3.526531,0.000000
3.527982,0.000000
3.529433,0.000000
3.530884,0.000000
3.532336,0.000000
3.533787,0.000000
3.535238,0.000000
3.536689,0.000000
3.538141,0.000000
3.539592,0.000000
3.541043,0.000000
3.542494,0.000000
3.543946,0.000000
3.545397,0.000000
3.546848,0.000000
3.548299,0.000000
3.549751,0.000000
3.551202,0.000000
3.552653,0.000000
3.554104,0.000000
3.555556,0.000000
3.557007,0.000000
3.558458,0.000000
3.559909,0.000000
3.561361,0.000000
3.562812,0.000000
3.564263,0.000000
3.565714,0.000000
3.567166,0.000000
3.568617,0.000000
3.570068,0.000000
3.571519,0.000000
3.572971,0.000000
3.574422,0.000000
3.575873,0.000000
3.577324,0.000000
3.578776,0.000000
3.580227,0.000000
3.581678,0.000000
3.583129,0.000000
3.584580,0.000000
3.586032,0.000000
3.587483,0.000000
3.588934,0.000000
3.590385,0.000000
3.591837,0.000000
3.593288,0.000000
3.594739,0.000000
3.596190,0.000000
3.597642,0.000000
3.599093,0.000000
3.600544,0.000000
3.601995,0.000000
3.603447,0.000000
3.604898,0.000000
3.606349,0.000000
3.607800,0.000000
3.609252,0.000000
3.610703,0.000000
3.612154,0.000000
3.613605,0.000000
3.615057,0.000000
3.616508,0.000000
3.617959,0.000000
3.619410,0.000000
3.620862,0.000000
3.622313,0.000000
3.623764,0.000000
3.625215,0.000000
3.626667,0.000000
3.628118,0.000000
3.629569,0.000000
3.631020,0.000000
3.632472,0.000000
3.633923,0.000000
3.635374,0.000000
3.636825,0.000000
3.638277,0.000000
3.639728,0.000000
3.641179,0.000000
3.642630,0.000000
3.644082,0.000000
3.645533,0.000000
3.646984,0.000000
3.648435,0.000000
3.649887,0.000000
3.651338,0.000000
3.652789,0.000000
3.654240,0.000000
3.655692,0.000000
3.657143,0.000000
3.658594,0.000000
3.660045,0.000000
3.661497,0.000000
3.662948,0.000000
3.664399,0.000000
3.665850,0.000000
3.667302,0.000000
3.668753,0.000000
3.670204,0.000000
3.671655,0.000000
3.673107,0.000000
3.674558,0.000000
3.676009,0.000000
3.677460,0.000000
3.678912,0.000000
3.680363,0.000000
3.681814,0.000000
3.683265,0.000000
3.684717,0.000000
3.686168,0.000000
3.687619,0.000000
3.689070,0.000000
3.690522,0.000000
3.691973,0.000000
3.693424,0.000000
3.694875,0.000000
3.696327,0.000000
3.697778,0.000000
3.699229,0.000000
3.700680,0.000000
3.702132,0.000000
3.703583,0.000000
3.705034,0.000000
3.706485,0.000000
3.707937,0.000000
3.709388,0.000000
3.710839,0.000000
3.712290,0.000000
3.713741,0.000000
3.715193,0.000000
3.716644,0.000000
3.718095,0.000000
3.719546,0.000000
3.720998,0.000000
3.722449,0.000000
3.723900,0.000000
3.725351,0.000000
3.726803,0.000000
3.728254,0.000000
3.729705,0.000000
3.731156,0.000000
3.732608,0.000000
3.734059,0.000000
3.735510,0.000000
3.736961,0.000000
3.738413,0.000000
3.739864,0.000000
3.741315,0.000000
3.742766,0.000000
3.744218,0.000000
3.745669,0.000000
3.747120,0.000000
3.748571,0.000000
3.750023,0.000000
3.751474,0.000000
3.752925,0.000000
3.754376,0.000000
3.755828,0.000000
3.757279,0.000000
3.758730,0.000000
3.760181,0.000000
3.761633,0.000000
3.763084,0.000000
3.764535,0.000000
3.765986,0.000000
3.767438,0.000000
3.768889,0.000000
3.770340,0.000000
3.771791,0.000000
3.773243,0.000000
3.774694,0.000000
3.776145,0.000000
3.777596,0.000000
3.779048,0.000000
3.780499,0.000000
3.781950,0.000000
3.783401,0.000000
3.784853,0.000000
3.786304,0.000000
3.787755,0.000000
3.789206,0.000000
3.790658,0.000000
3.792109,0.000000
3.793560,0.000000
3.795011,0.000000
3.796463,0.000000
3.797914,0.000000
3.799365,0.000000
3.800816,0.000000
3.802268,0.000000
3.803719,0.000000
3.805170,0.000000
3.806621,0.000000
3.808073,0.000000
3.809524,0.000000
3.810975,0.000000
3.812426,0.000000
3.813878,0.000000
3.815329,0.000000
3.816780,0.000000
3.818231,0.000000
3.819683,0.000000
3.821134,0.000000
3.822585,0.000000
3.824036,0.000000
3.825488,0.000000
3.826939,0.000000
3.828390,0.000000
3.829841,0.000000
3.831293,0.000000
3.832744,0.000000
3.834195,0.000000
3.835646,0.000000
3.837098,0.000000
3.838549,0.000000
3.840000,0.000000
3.841451,0.000000
3.842902,0.000000
3.844354,0.000000
3.845805,0.000000
3.847256,0.000000
3.848707,0.000000
3.850159,0.000000
3.851610,0.000000
3.853061,0.000000
3.854512,0.000000
3.855964,0.000000
3.857415,0.000000
3.858866,0.000000
3.860317,0.000000
3.861769,0.000000
3.863220,0.000000
3.864671,0.000000
3.866122,0.000000
3.867574,0.000000
3.869025,0.000000
3.870476,0.000000
3.871927,0.000000
3.873379,0.000000
3.874830,0.000000
3.876281,0.000000
3.877732,0.000000
3.879184,0.000000
3.880635,0.000000
3.882086,0.000000
3.883537,0.000000
3.884989,0.000000
3.886440,0.000000
3.887891,0.000000
3.889342,0.000000
3.890794,0.000000
3.892245,0.000000
3.893696,0.000000
3.895147,0.000000
3.896599,0.000000
3.898050,0.000000
3.899501,0.000000
3.900952,0.000000
3.902404,0.000000
3.903855,0.000000
3.905306,0.000000
3.906757,0.000000
3.908209,0.000000
3.909660,0.000000
3.911111,0.000000
3.912562,0.000000
3.914014,0.000000
3.915465,0.000000
3.916916,0.000000
3.918367,0.000000
3.919819,0.000000
3.921270,0.000000
3.922721,0.000000
3.924172,0.000000
3.925624,0.000000
3.927075,0.000000
3.928526,0.000000
3.929977,0.000000
3.931429,0.000000
3.932880,0.000000
3.934331,0.000000
3.935782,0.000000
3.937234,0.000000
3.938685,0.000000
3.940136,0.000000
3.941587,0.000000
3.943039,0.000000
3.944490,0.000000
3.945941,0.000000
3.947392,0.000000
3.948844,0.000000
3.950295,0.000000
3.951746,0.000000
3.953197,0.000000
3.954649,0.000000
3.956100,0.000000
3.957551,0.000000
3.959002,0.000000
3.960454,0.000000
3.961905,0.000000
3.963356,0.000000
3.964807,0.000000
3.966259,0.000000
3.967710,0.000000
3.969161,0.000000
3.970612,0.000000
3.972063,0.000000
3.973515,0.000000
3.974966,0.000000
3.976417,0.000000
3.977868,0.000000
3.979320,0.000000
3.980771,0.000000
3.982222,0.000000
3.983673,0.000000
3.985125,0.000000
3.986576,0.000000
3.988027,0.000000
3.989478,0.000000
3.990930,0.000000
3.992381,0.000000
3.993832,0.000000
3.995283,0.000000
3.996735,0.000000
3.998186,0.000000
3.999637,0.000000
4.001088,0.000000
4.002540,0.000000
4.003991,0.000000
4.005442,0.000000
4.006893,0.000000
4.008345,0.000000
4.009796,0.000000
4.011247,0.000000
4.012698,0.000000
4.014150,0.000000
4.015601,0.000000
4.017052,0.000000
4.018503,0.000000
4.019955,0.000000
4.021406,0.000000
4.022857,0.000000
4.024308,0.000000
4.025760,0.000000
4.027211,0.000000
4.028662,0.000000
4.030113,0.000000
4.031565,0.000000
4.033016,0.000000
4.034467,0.000000
4.035918,0.000000
4.037370,0.000000
4.038821,0.000000
4.040272,0.000000
4.041723,0.000000
4.043175,0.000000
4.044626,0.000000
4.046077,0.000000
4.047528,0.000000
4.048980,0.000000
4.050431,0.000000
4.051882,0.000000
4.053333,0.000000
4.054785,0.000000
4.056236,0.000000
4.057687,0.000000
4.059138,0.000000
4.060590,0.000000
4.062041,0.000000
4.063492,0.000000
4.064943,0.000000
4.066395,0.000000
4.067846,0.000000
4.069297,0.000000
4.070748,0.000000
4.072200,0.000000
4.073651,0.000000
4.075102,0.000000
4.076553,0.000000
4.078005,0.000000
4.079456,0.000000
4.080907,0.000000
4.082358,0.000000
4.083810,0.000000
4.085261,0.000000
4.086712,0.000000
4.088163,0.000000
4.089615,0.000000
4.091066,0.000000
4.092517,0.000000
4.093968,0.000000
4.095420,0.000000
4.096871,0.000000
4.098322,0.000000
4.099773,0.000000
4.101224,0.000000
4.102676,0.000000
4.104127,0.000000
4.105578,0.000000
4.107029,0.000000
4.108481,0.000000
4.109932,0.000000
4.111383,0.000000
4.112834,0.000000
4.114286,0.000000
4.115737,0.000000
4.117188,0.000000
4.118639,0.000000
4.120091,0.000000
4.121542,0.000000
4.122993,0.000000
4.124444,0.000000
4.125896,0.000000
4.127347,0.000000
4.128798,0.000000
4.130249,0.000000
4.131701,0.000000
4.133152,0.000000
4.134603,0.000000
4.136054,0.000000
4.137506,0.000000
4.138957,0.000000
4.140408,0.000000
4.141859,0.000000
4.143311,0.000000
4.144762,0.000000
4.146213,0.000000
4.147664,0.000000
4.149116,0.000000
4.150567,0.000000
4.152018,0.000000
4.153469,0.000000
4.154921,0.000000
4.156372,0.000000
4.157823,0.000000
4.159274,0.000000
4.160726,0.000000
4.162177,0.000000
4.163628,0.000000
4.165079,0.000000
4.166531,0.000000
4.167982,0.000000
4.169433,0.000000
4.170884,0.000000
4.172336,0.000000
4.173787,0.000000
4.175238,0.000000
4.176689,0.000000
4.178141,0.000000
4.179592,0.000000
4.181043,0.000000
4.182494,0.000000
4.183946,0.000000
4.185397,0.000000
4.186848,0.000000
4.188299,0.000000
4.189751,0.000000
4.191202,0.000000
4.192653,0.000000
4.194104,0.000000
4.195556,0.000000
4.197007,0.000000
4.198458,0.000000
4.199909,0.000000
4.201361,0.000000
4.202812,0.000000
4.204263,0.000000
4.205714,0.000000
4.207166,0.000000
4.208617,0.000000
4.210068,0.000000
4.211519,0.000000
4.212971,0.000000
4.214422,0.000000
4.215873,0.000000
4.217324,0.000000
4.218776,0.000000
4.220227,0.000000
4.221678,0.000000
4.223129,0.000000
4.224580,0.000000
4.226032,0.000000
4.227483,0.000000
4.228934,0.000000
4.230385,0.000000
4.231837,0.000000
4.233288,0.000000
4.234739,0.000000
4.236190,0.000000
4.237642,0.000000
4.239093,0.000000
4.240544,0.000000
4.241995,0.000000
4.243447,0.000000
4.244898,0.000000
4.246349,0.000000
4.247800,0.000000
4.249252,0.000000
4.250703,0.000000
4.252154,0.000000
4.253605,0.000000
4.255057,0.000000
4.256508,0.000000
4.257959,0.000000
4.259410,0.000000
4.260862,0.000000
4.262313,0.000000
4.263764,0.000000
4.265215,0.000000
4.266667,0.000000
4.268118,0.000000
4.269569,0.000000
4.271020,0.000000
4.272472,0.000000
4.273923,0.000000
4.275374,0.000000
4.276825,0.000000
4.278277,0.000000
4.279728,0.000000
4.281179,0.000000
4.282630,0.000000
4.284082,0.000000
4.285533,0.000000
4.286984,0.000000
4.288435,0.000000
4.289887,0.000000
4.291338,0.000000
4.292789,0.000000
4.294240,0.000000
4.295692,0.000000
4.297143,0.000000
4.298594,0.000000
4.300045,0.000000
4.301497,0.000000
4.302948,0.000000
4.304399,0.000000
4.305850,0.000000
4.307302,0.000000
4.308753,0.000000
4.310204,0.000000
4.311655,0.000000
4.313107,0.000000
4.314558,0.000000
4.316009,0.000000
4.317460,0.000000
4.318912,0.000000
4.320363,0.000000
4.321814,0.000000
4.323265,0.000000
4.324717,0.000000
4.326168,0.000000
4.327619,0.000000
4.329070,0.000000
4.330522,0.000000
4.331973,0.000000
4.333424,0.000000
4.334875,0.000000
4.336327,0.000000
4.337778,0.000000
4.339229,0.000000
4.340680,0.000000
4.342132,0.000000
4.343583,0.000000
4.345034,0.000000
4.346485,0.000000
4.347937,0.000000
4.349388,0.000000
4.350839,0.000000
4.352290,0.000000
